{
    "KNN": {
        "accuracy": 0.7291666666666666,
        "precision": 0.7285297210828809,
        "recall": 0.7291666666666666,
        "f1": 0.7279686247242426
    },
    "LinearSVC": {
        "accuracy": 0.7516666666666667,
        "precision": 0.7369484500828742,
        "recall": 0.7516666666666667,
        "f1": 0.7417934730969328
    },
    "GaussianNB": {
        "accuracy": 0.49166666666666664,
        "precision": 0.7282882112874792,
        "recall": 0.49166666666666664,
        "f1": 0.477572556458235
    },
    "RandomForest": {
        "accuracy": 0.8533333333333334,
        "precision": 0.8490249501641124,
        "recall": 0.8533333333333334,
        "f1": 0.8503667149809361
    },
    "XGBoost": {
        "accuracy": 0.8583333333333333,
        "precision": 0.8576696399877933,
        "recall": 0.8583333333333333,
        "f1": 0.8554244995975019
    },
    "Ensemble": {
        "accuracy": 0.8408333333333333,
        "precision": 0.8563557466014944,
        "recall": 0.8408333333333333,
        "f1": 0.8413669777566571
    }
}